"Name","EventLog","EventMessageFiles","CategoryMessageFile","ParameterMessageFile","ProviderGuid","EventLevels","CategoryCount"
".NET Runtime","Application","mscoree.dll","","","00000000-0000-0000-0000-000000000000","Error, Warning, Information","0"
".NET Runtime Optimization Service","Application","mscoree.dll","","","00000000-0000-0000-0000-000000000000","Error, Warning, Information","0"
"Active Server Pages","Application","iisres.dll","","","00000000-0000-0000-0000-000000000000","Error, Warning, Information","0"
"Application","Application","","C:\Windows\system32\wevtapi.dll","","00000000-0000-0000-0000-000000000000","","7"
"Application Error","Application","wer.dll","C:\Windows\System32\wer.dll","","00000000-0000-0000-0000-000000000000","Error, Warning, Information","1"
"Application Hang","Application","wersvc.dll","","","00000000-0000-0000-0000-000000000000","Error, Warning, Information","0"
"Application Management","Application","appmgmts.dll","","C:\Windows\System32\kernel32.dll","00000000-0000-0000-0000-000000000000","Error, Warning, Information","0"
"Application-Addon-Event-Provider","Application","ieframe.dll","","","a83fa99f-c356-4ded-9fd6-5a5eb8546d68","","0"
"ASP.NET 2.0.50727.0","Application","aspnet_rc.dll","C:\Windows\Microsoft.NET\Framework64\v2.0.50727\aspnet_rc.dll","","00000000-0000-0000-0000-000000000000","Error, Warning, Information","5"
"ASP.NET 4.0.30319.0","Application","aspnet_rc.dll","C:\Windows\Microsoft.NET\Framework64\v4.0.30319\aspnet_rc.dll","","00000000-0000-0000-0000-000000000000","Error, Warning, Information","5"
"AutoEnrollment","Application","","","","f0db7ef8-b6f3-4005-9937-feb77b9e1b43","","0"
"CardSpace 4.0.0.0","Application","servicemodelevents.dll; icardres.dll","C:\Windows\System32\icardres.dll","","00000000-0000-0000-0000-000000000000","","1"
"CertCa","Application","","","","98bf1cd3-583e-4926-95ee-a61bf3f46470","","0"
"CertCli","Application","","","","98bf1cd3-583e-4926-95ee-a61bf3f46470","","0"
"CertEnroll","Application","","","","54164045-7c50-4905-963f-e5bc1eef0cca","","0"
"Chkdsk","Application","ulib.dll","","","00000000-0000-0000-0000-000000000000","Error, Warning, Information","0"
"COM","Application","","","","bf406804-6afa-46e7-8a48-6c357e1d6d61","","0"
"COM+","Application","","","","0f177893-4a9c-4709-b921-f432d67f43d5","","0"
"Customer Experience Improvement Program","Application","","","","a402fe09-da6e-45f2-82af-3cb37170ee0c","","0"
"Desktop Window Manager","Application","dwm.exe","","","00000000-0000-0000-0000-000000000000","Error, Warning, Information","0"
"DiskQuota","Application","dskquota.dll","","","00000000-0000-0000-0000-000000000000","","0"
"Error Instrument","Application","user32.dll","","","cd7cf0d0-02cc-4872-9b65-0dba0a90efe8","","0"
"ESENT","Application","esent.dll","C:\Windows\system32\esent.dll","","00000000-0000-0000-0000-000000000000","Error, Warning, Information","16"
"EventSystem","Application","","","","899daace-4868-4295-afcd-9eb8fb497561","","0"
"EvntAgnt","Application","evntagnt.dll","","","00000000-0000-0000-0000-000000000000","Error, Warning, Information","0"
"Folder Redirection","Application","fdeploy.dll","","","7d7b0c39-93f6-4100-bd96-4dda859652c5","Error, Warning, Information","0"
"Group Policy Applications","Application","gpprefcl.dll","C:\Windows\System32\gpprefcl.dll","C:\Windows\System32\gpprefcl.dll","00000000-0000-0000-0000-000000000000","Error, Warning, Information","2"
"Group Policy Client","Application","gpprefcl.dll","C:\Windows\System32\gpprefcl.dll","C:\Windows\System32\gpprefcl.dll","00000000-0000-0000-0000-000000000000","Error, Warning, Information","2"
"Group Policy Data Sources","Application","gpprefcl.dll","C:\Windows\System32\gpprefcl.dll","C:\Windows\System32\gpprefcl.dll","00000000-0000-0000-0000-000000000000","Error, Warning, Information","2"
"Group Policy Device Settings","Application","gpprefcl.dll","C:\Windows\System32\gpprefcl.dll","C:\Windows\System32\gpprefcl.dll","00000000-0000-0000-0000-000000000000","Error, Warning, Information","2"
"Group Policy Drive Maps","Application","gpprefcl.dll","C:\Windows\System32\gpprefcl.dll","C:\Windows\System32\gpprefcl.dll","00000000-0000-0000-0000-000000000000","Error, Warning, Information","2"
"Group Policy Environment","Application","gpprefcl.dll","C:\Windows\System32\gpprefcl.dll","C:\Windows\System32\gpprefcl.dll","00000000-0000-0000-0000-000000000000","Error, Warning, Information","2"
"Group Policy Files","Application","gpprefcl.dll","C:\Windows\System32\gpprefcl.dll","C:\Windows\System32\gpprefcl.dll","00000000-0000-0000-0000-000000000000","Error, Warning, Information","2"
"Group Policy Folder Options","Application","gpprefcl.dll","C:\Windows\System32\gpprefcl.dll","C:\Windows\System32\gpprefcl.dll","00000000-0000-0000-0000-000000000000","Error, Warning, Information","2"
"Group Policy Folders","Application","gpprefcl.dll","C:\Windows\System32\gpprefcl.dll","C:\Windows\System32\gpprefcl.dll","00000000-0000-0000-0000-000000000000","Error, Warning, Information","2"
"Group Policy Ini Files","Application","gpprefcl.dll","C:\Windows\System32\gpprefcl.dll","C:\Windows\System32\gpprefcl.dll","00000000-0000-0000-0000-000000000000","Error, Warning, Information","2"
"Group Policy Internet Settings","Application","gpprefcl.dll","C:\Windows\System32\gpprefcl.dll","C:\Windows\System32\gpprefcl.dll","00000000-0000-0000-0000-000000000000","Error, Warning, Information","2"
"Group Policy Local Users and Groups","Application","gpprefcl.dll","C:\Windows\System32\gpprefcl.dll","C:\Windows\System32\gpprefcl.dll","00000000-0000-0000-0000-000000000000","Error, Warning, Information","2"
"Group Policy Mail Profiles","Application","gpprefcl.dll","C:\Windows\System32\gpprefcl.dll","C:\Windows\System32\gpprefcl.dll","00000000-0000-0000-0000-000000000000","Error, Warning, Information","2"
"Group Policy Network Options","Application","gpprefcl.dll","C:\Windows\System32\gpprefcl.dll","C:\Windows\System32\gpprefcl.dll","00000000-0000-0000-0000-000000000000","Error, Warning, Information","2"
"Group Policy Network Shares","Application","gpprefcl.dll","C:\Windows\System32\gpprefcl.dll","C:\Windows\System32\gpprefcl.dll","00000000-0000-0000-0000-000000000000","Error, Warning, Information","2"
"Group Policy Power Options","Application","gpprefcl.dll","C:\Windows\System32\gpprefcl.dll","C:\Windows\System32\gpprefcl.dll","00000000-0000-0000-0000-000000000000","Error, Warning, Information","2"
"Group Policy Printers","Application","gpprefcl.dll","C:\Windows\System32\gpprefcl.dll","C:\Windows\System32\gpprefcl.dll","00000000-0000-0000-0000-000000000000","Error, Warning, Information","2"
"Group Policy Regional Options","Application","gpprefcl.dll","C:\Windows\System32\gpprefcl.dll","C:\Windows\System32\gpprefcl.dll","00000000-0000-0000-0000-000000000000","Error, Warning, Information","2"
"Group Policy Registry","Application","gpprefcl.dll","C:\Windows\System32\gpprefcl.dll","C:\Windows\System32\gpprefcl.dll","00000000-0000-0000-0000-000000000000","Error, Warning, Information","2"
"Group Policy Scheduled Tasks","Application","gpprefcl.dll","C:\Windows\System32\gpprefcl.dll","C:\Windows\System32\gpprefcl.dll","00000000-0000-0000-0000-000000000000","Error, Warning, Information","2"
"Group Policy Services","Application","gpprefcl.dll","C:\Windows\System32\gpprefcl.dll","C:\Windows\System32\gpprefcl.dll","00000000-0000-0000-0000-000000000000","Error, Warning, Information","2"
"Group Policy Shortcuts","Application","gpprefcl.dll","C:\Windows\System32\gpprefcl.dll","C:\Windows\System32\gpprefcl.dll","00000000-0000-0000-0000-000000000000","Error, Warning, Information","2"
"Group Policy Standard Edition","Application","gpprefcl.dll","C:\Windows\System32\gpprefcl.dll","C:\Windows\System32\gpprefcl.dll","00000000-0000-0000-0000-000000000000","Error, Warning, Information","2"
"Group Policy Start Menu Settings","Application","gpprefcl.dll","C:\Windows\System32\gpprefcl.dll","C:\Windows\System32\gpprefcl.dll","00000000-0000-0000-0000-000000000000","Error, Warning, Information","2"
"GroupPolicy","Application","gpapi.dll","","","00000000-0000-0000-0000-000000000000","Error, Warning, Information","0"
"Handwriting Recognition","Application","ipseventlogmsg.dll","C:\Program Files (x86)\Common Files\Microsoft Shared\Ink\IPSEventLogMsg.dll","","00000000-0000-0000-0000-000000000000","Error, Warning, Information","7"
"HostableWebCore","Application","iisres.dll","","","00000000-0000-0000-0000-000000000000","Error, Warning, Information","0"
"HostMIBAgent","Application","hostmib.dll","","","00000000-0000-0000-0000-000000000000","Error, Warning, Information","0"
"IISADMIN","Application","iisres.dll","","","00000000-0000-0000-0000-000000000000","Error, Warning, Information, Success Audit","0"
"IISInfoCtrs","Application","infoctrs.dll","","","00000000-0000-0000-0000-000000000000","Error, Warning, Information","0"
"Interactive Services detection","Application","ui0detect.exe","","","00000000-0000-0000-0000-000000000000","Error, Warning, Information","0"
"ipmiprv","Application","ipmiprr.dll","","","2a45d52e-bbf3-4843-8e18-b356ed5f6a65","Error, Warning, Information","0"
"LoadPerf","Application","","","","122ee297-bb47-41ae-b265-1ca8d1886d40","","0"
"LocationNotifications","Application","locationnotifications.exe","","","5b93cdfa-5f51-45e0-9fde-296983129e6c","","0"
"LPR Print Monitor","Application","","","","dc82da8e-2290-449d-9062-21ef70d36e22","","0"
"Microsoft Fax","Application","fxsevent.dll","C:\Windows\System32\fxsevent.dll","","9f8639e0-9eef-4125-9b1c-86109bdd8289","Error, Warning, Information","4"
"Microsoft-Windows-ApplicationExperienceInfrastructure","Application","apphelp.dll","","","5ec13d8e-4b3f-422e-a7e7-3121a1d90c7a","","0"
"Microsoft-Windows-AppModel-Runtime","Application","microsoft-windows-system-events.dll","","","f1ef270a-0d32-4352-ba52-dbab41e1d859","","0"
"Microsoft-Windows-AppModel-State","Application","microsoft-windows-system-events.dll","","","bff15e13-81bf-45ee-8b16-7cfead00da86","","0"
"Microsoft-Windows-ASN1","Application","","","","d92ef8ac-99dd-4ab8-b91d-c6eba85f3755","","0"
"Microsoft-Windows-Audio","Application","audioses.dll","","","ae4bd3be-f36f-45b6-8d21-bdd6fb832853","","0"
"Microsoft-Windows-AxInstallService","Application","axinstsv.dll","","","dab3b18c-3c0f-43e8-80b1-e44bc0dad901","","0"
"Microsoft-Windows-Backup","Application","blbevents.dll","","","1db28f2e-8f80-4027-8c5a-a11f7f10f62d","","0"
"Microsoft-Windows-CAPI2","Application","crypt32.dll","","","5bbca4a8-b209-48dc-a8c7-b23d3e5216fb","","0"
"Microsoft-Windows-CertificateServicesClient","Application","dimsjob.dll","","","73370bd6-85e5-430b-b60a-fea1285808a7","","0"
"Microsoft-Windows-CertificateServicesClient-AutoEnrollment","Application","pautoenr.dll","","","f0db7ef8-b6f3-4005-9937-feb77b9e1b43","","0"
"Microsoft-Windows-CertificateServicesClient-CertEnroll","Application","certenroll.dll","","","54164045-7c50-4905-963f-e5bc1eef0cca","","0"
"Microsoft-Windows-CertificateServicesClient-CredentialRoaming","Application","dimsroam.dll","","","89a2278b-c662-4aff-a06c-46ad3f220bca","","0"
"Microsoft-Windows-CertificationAuthorityClient-CertCli","Application","certcli.dll","","","98bf1cd3-583e-4926-95ee-a61bf3f46470","","0"
"Microsoft-Windows-COMRuntime","Application","combase.dll","","","bf406804-6afa-46e7-8a48-6c357e1d6d61","","0"
"Microsoft-Windows-Crypto-BCrypt","Application","","","","c7e089ac-ba2a-11e0-9af7-68384824019b","","0"
"Microsoft-Windows-Crypto-CNG","Application","","","","e3e0e2f0-c9c5-11e0-8ab9-9ebc4824019b","","0"
"Microsoft-Windows-Crypto-DPAPI","Application","","","","89fe8f40-cdce-464e-8217-15ef97d4c7c3","","0"
"Microsoft-Windows-Crypto-DSSEnh","Application","","","","43dad447-735f-4829-a6ff-9829a87419ff","","0"
"Microsoft-Windows-Crypto-NCrypt","Application","","","","e8ed09dc-100c-45e2-9fc8-b53399ec1f70","","0"
"Microsoft-Windows-Crypto-RNG","Application","","","","54d5ac20-e14f-4fda-92da-ebf7556ff176","","0"
"Microsoft-Windows-Crypto-RSAEnh","Application","","","","152fdb2b-6e9d-4b60-b317-815d5f174c4a","","0"
"Microsoft-Windows-Deduplication","Application","ddputils.dll","","","f9fe3908-44b8-48d9-9a32-5a763ff5ed79","","0"
"Microsoft-Windows-Defrag","Application","defragsvc.dll","","","00000000-0000-0000-0000-000000000000","Error, Warning, Information","0"
"Microsoft-Windows-DirectShow-Core","Application","quartz.dll","","","968f313b-097f-4e09-9cdd-bc62692d138b","","0"
"Microsoft-Windows-DirectShow-KernelSupport","Application","ksproxy.ax","","","3cc2d4af-da5e-4ed4-bcbe-3cf995940483","","0"
"Microsoft-Windows-EapHost","Application","eapsvc.dll","","","6eb8db94-fe96-443f-a366-5fe0cee7fb1c","","0"
"Microsoft-Windows-EFS","Application","efscore.dll","","","3663a992-84be-40ea-bba9-90c7ed544222","","0"
"Microsoft-Windows-EventCollector","Application","wecsvc.dll","","","b977cf02-76f6-df84-cc1a-6a4b232322b6","","0"
"Microsoft-Windows-Folder Redirection","Application","fdeploy.dll","","","7d7b0c39-93f6-4100-bd96-4dda859652c5","","0"
"Microsoft-Windows-GenericRoaming","Application","","","","4eacb4d0-263b-4b93-8cd6-778a278e5642","","0"
"Microsoft-Windows-IIS-IISManager","Application","eventlogmessages.dll","","","00000000-0000-0000-0000-000000000000","","0"
"Microsoft-Windows-Immersive-Shell","Application","twinui.dll","","","315a8872-923e-4ea2-9889-33cd4754bf64","","0"
"Microsoft-Windows-KdsSvc","Application","","","","d4be7726-dc7a-11df-a6e6-0902dfd72085","","0"
"Microsoft-Windows-LiveId","Application","","","","05f02597-fe85-4e67-8542-69567ab8fd4f","","0"
"Microsoft-Windows-LoadPerf","Application","loadperf.dll","","","122ee297-bb47-41ae-b265-1ca8d1886d40","","0"
"Microsoft-Windows-LocationProvider","Application","locationprovider.dll","","","eaab4d92-5199-46c4-a779-9721ce323d46","","0"
"Microsoft-Windows-MSMQ","Application","mqutil.dll","","","ce18af71-5efd-4f5a-9bd5-635e34632f69","","0"
"Microsoft-Windows-PerfCtrs","Application","perfctrs.dll","","","973143dd-f3c7-4ef5-b156-544ac38c39b6","","0"
"Microsoft-Windows-PerfNet","Application","perfnet.dll","","","cab2b8a5-49b9-4eec-b1b0-fac21da05a3b","","0"
"Microsoft-Windows-PerfOS","Application","perfos.dll","","","f82fb576-e941-4956-a2c7-a0cf83f6450a","","0"
"Microsoft-Windows-PerfProc","Application","perfproc.dll","","","72d211e1-4c54-4a93-9520-4901681b2271","","0"
"Microsoft-Windows-propsys","Application","propsys.dll","","","9485fa1e-23cd-49a1-84e3-11d8bc550cb7","Error, Warning, Information","0"
"Microsoft-Windows-RemoteApp and Desktop Connections","Application","tsworkspace.dll","","","1b8b402d-78dc-46fb-bf71-46e64aedf165","","0"
"Microsoft-Windows-RemoteAssistance","Application","msra.exe","","","5b0a651a-8807-45cc-9656-7579815b6af0","","0"
"Microsoft-Windows-RestartManager","Application","rstrtmgr.dll","","","0888e5ef-9b98-4695-979d-e92ce4247224","","0"
"Microsoft-Windows-RPC-Events","Application","rpcrt4.dll","","","f4aed7c7-a898-4627-b053-44a7caa12fcd","","0"
"Microsoft-Windows-Security-EnterpriseData-FileRevocationManager","Application","efswrt.dll","","","2cd58181-0bb6-463e-828a-056ff837f966","","0"
"Microsoft-Windows-Security-Netlogon","Application","","","","e5ba83f6-07d0-46b1-8bc7-7e669a1d31dc","","0"
"Microsoft-Windows-SmartCard-DeviceEnum","Application","","","","aaeac398-3028-487c-9586-44eacad03637","","0"
"Microsoft-Windows-SoftwareRestrictionPolicies","Application","microsoft-windows-system-events.dll","","","7d29d58a-931a-40ac-8743-48c733045548","","0"
"Microsoft-Windows-Spell-Checking","Application","msspellcheckingfacility.dll","","","d0e22efc-ac66-4b25-a72d-382736b5e940","","0"
"Microsoft-Windows-SpellChecker","Application","msspellcheckingfacility.dll","","","b2fcd41f-9a40-4150-8c92-b224b7d8c8aa","","0"
"Microsoft-Windows-Spellchecking-Host","Application","msspellcheckinghost.exe","","","1bda2ab1-bbc1-4acb-a849-c0ef2b249672","","0"
"Microsoft-Windows-System-Restore","Application","srevents.dll","","","126cdb97-d346-4894-8a34-658da5eea1b6","","0"
"Microsoft-Windows-TerminalServices-ClientActiveXCore","Application","mstscax.dll","","","28aa95bb-d444-4719-a36f-40462168127e","","0"
"Microsoft-Windows-User Profiles General","Application","userenv.dll","","","db00dfb6-29f9-4a9c-9b3b-1f4f9e7d9770","","0"
"Microsoft-Windows-User Profiles Service","Application","profsvc.dll","","","89b1e9f0-5aff-44a6-9b44-0a07a7ce5845","","0"
"Microsoft-Windows-User-Loader","Application","microsoft-windows-system-events.dll","","","b059b83f-d946-4b13-87ca-4292839dc2f2","","0"
"Microsoft-Windows-Video-For-Windows","Application","mciavi32.dll","","","712abb2d-d806-4b42-9682-26da01d8b307","","0"
"Microsoft-Windows-WBioSrvc","Application","","","","a0e3d8ea-c34f-4419-a1db-90435b8b21d0","","0"
"Microsoft-Windows-WindowsSystemAssessmentTool","Application","winsat.exe","","","11a75546-3234-465e-bec8-2d301cb501ac","","0"
"Microsoft-Windows-Winsrv","Application","winsrv.dll","","","9d55b53d-449b-4824-a637-24f9d69aa02f","","0"
"Microsoft-Windows-WMI","Application","winmgmtr.dll","","","1edeee53-0afe-4609-b846-d8c0b2075b1f","","0"
"Microsoft-Windows-XWizards","Application","xwizards.dll","","","777ba8fe-2498-4875-933a-3067de883070","","0"
"Microsoft.Transactions.Bridge 3.0.0.0","Application","servicemodelevents.dll","C:\Windows\Microsoft.NET\Framework64\v3.0\Windows Communication Foundation\ServiceModelEvents.dll","","00000000-0000-0000-0000-000000000000","","14"
"Microsoft.Transactions.Bridge 4.0.0.0","Application","servicemodelevents.dll","C:\Windows\Microsoft.NET\Framework64\v4.0.30319\ServiceModelEvents.dll","","00000000-0000-0000-0000-000000000000","","15"
"MSDTC","Application","","","","719be4ed-e9bc-4dd8-a7cf-c85ce8e4975d","","0"
"MSDTC 2","Application","","","","5d9e0020-3761-4f36-90c8-38ce6511bd12","","0"
"MSDTC Client","Application","","","","7a67066e-193f-4d3a-82d3-322fee5259de","","0"
"MSDTC Client 2","Application","","","","155cb334-3d7f-4ff1-b107-df8afc3c0363","","0"
"MsiInstaller","Application","msimsg.dll","","","00000000-0000-0000-0000-000000000000","Error, Warning, Information","0"
"MSMQ","Application","mqutil.dll","","","ce18af71-5efd-4f5a-9bd5-635e34632f69","Error, Warning, Information","0"
"MSMQTriggers","Application","mqutil.dll","","","2787cc62-2654-4227-9b35-b53f838507ae","Error, Warning, Information","0"
"NfsClnt","Application","nfsclnt.exe","","","00000000-0000-0000-0000-000000000000","Error, Warning, Information","0"
"nfsnp","Application","nfsnp.dll","","","00000000-0000-0000-0000-000000000000","Error, Warning, Information","0"
"PDH","Application","","","","04d66358-c4a1-419b-8023-23b73902de2c","","0"
"PerfCtrs","Application","","","","973143dd-f3c7-4ef5-b156-544ac38c39b6","","0"
"PerfDisk","Application","","","","7f9d83de-8abb-457f-98e8-4ad161449ecc","","0"
"Perflib","Application","","","","13b197bd-7cee-4b4e-8dd0-59314ce374ce","","0"
"PerfNet","Application","","","","cab2b8a5-49b9-4eec-b1b0-fac21da05a3b","","0"
"PerfOs","Application","","","","f82fb576-e941-4956-a2c7-a0cf83f6450a","","0"
"PerfProc","Application","","","","72d211e1-4c54-4a93-9520-4901681b2271","","0"
"PrintBrm","Application","","","","cf3f502e-b40d-4071-996f-00981edf938e","","0"
"Process Exit Monitor","Application","","","","fd771d53-8492-4057-8e35-8c02813af49b","","0"
"Profsvc","Application","profsvc.dll","","","89b1e9f0-5aff-44a6-9b44-0a07a7ce5845","Error, Warning, Information","0"
"RasClient","Application","mprmsg.dll","","","00000000-0000-0000-0000-000000000000","Error, Warning, Information, Success Audit, Failure Audit","0"
"SceCli","Application","scecli.dll","","","00000000-0000-0000-0000-000000000000","Error, Warning, Information","0"
"SceSrv","Application","scesrv.dll","","","00000000-0000-0000-0000-000000000000","Error, Warning, Information","0"
"SecurityCenter","Application","wscsvc.dll","","","00000000-0000-0000-0000-000000000000","Error, Warning, Information","0"
"ServiceModel Audit 3.0.0.0","Application","servicemodelevents.dll","C:\Windows\Microsoft.NET\Framework64\v3.0\Windows Communication Foundation\ServiceModelEvents.dll","","00000000-0000-0000-0000-000000000000","Error, Warning, Information, Success Audit, Failure Audit","2"
"ServiceModel Audit 4.0.0.0","Application","servicemodelevents.dll","C:\Windows\Microsoft.NET\Framework64\v4.0.30319\ServiceModelEvents.dll","","00000000-0000-0000-0000-000000000000","Error, Warning, Information, Success Audit, Failure Audit","2"
"SideBySide","Application","sxs.dll","","","00000000-0000-0000-0000-000000000000","Error, Warning, Information","0"
"Software Installation","Application","appmgr.dll","","","00000000-0000-0000-0000-000000000000","Error, Warning, Information","0"
"Software Protection Platform Service","Application","sppsvc.exe","","","e23b33b0-c8c9-472c-a5f9-f2bdfea0f156","Error, Warning, Information","0"
"SPP","Application","sxproxy.dll","","","00000000-0000-0000-0000-000000000000","Error, Warning, Information","0"
"SrmSvc","Application","srm.dll","","","00000000-0000-0000-0000-000000000000","Error, Warning, Information","0"
"Standard TCP/IP Port","Application","","","","cad2d809-03d9-4f46-9cf4-72aa4f04b6b9","","0"
"System Restore","Application","srcore.dll","","","00000000-0000-0000-0000-000000000000","Error, Warning, Information","0"
"System.IdentityModel 3.0.0.0","Application","servicemodelevents.dll","C:\Windows\Microsoft.NET\Framework64\v3.0\Windows Communication Foundation\ServiceModelEvents.dll","","00000000-0000-0000-0000-000000000000","","14"
"System.IdentityModel 4.0.0.0","Application","servicemodelevents.dll","C:\Windows\Microsoft.NET\Framework64\v4.0.30319\ServiceModelEvents.dll","","00000000-0000-0000-0000-000000000000","","15"
"System.IO.Log 3.0.0.0","Application","servicemodelevents.dll","C:\Windows\Microsoft.NET\Framework64\v3.0\Windows Communication Foundation\ServiceModelEvents.dll","","00000000-0000-0000-0000-000000000000","","14"
"System.IO.Log 4.0.0.0","Application","servicemodelevents.dll","C:\Windows\Microsoft.NET\Framework64\v4.0.30319\ServiceModelEvents.dll","","00000000-0000-0000-0000-000000000000","","15"
"System.Runtime.Serialization 3.0.0.0","Application","servicemodelevents.dll","C:\Windows\Microsoft.NET\Framework64\v3.0\Windows Communication Foundation\ServiceModelEvents.dll","","00000000-0000-0000-0000-000000000000","","14"
"System.Runtime.Serialization 4.0.0.0","Application","servicemodelevents.dll","C:\Windows\Microsoft.NET\Framework64\v4.0.30319\ServiceModelEvents.dll","","00000000-0000-0000-0000-000000000000","","15"
"System.ServiceModel 3.0.0.0","Application","servicemodelevents.dll","C:\Windows\Microsoft.NET\Framework64\v3.0\Windows Communication Foundation\ServiceModelEvents.dll","","00000000-0000-0000-0000-000000000000","","14"
"System.ServiceModel 4.0.0.0","Application","servicemodelevents.dll","C:\Windows\Microsoft.NET\Framework64\v4.0.30319\ServiceModelEvents.dll","","00000000-0000-0000-0000-000000000000","","15"
"TlntSvr","Application","","","","32e661e2-f4e1-464a-8ea0-7852768c6f35","Error, Warning, Information, Success Audit, Failure Audit","0"
"TPVCGateway","Application","tpvcgateway.exe","","","00000000-0000-0000-0000-000000000000","Error, Warning, Information","0"
"usbperf","Application","usbperf.dll","","","00000000-0000-0000-0000-000000000000","Error, Warning, Information","0"
"Userenv","Application","userenv.dll","","","db00dfb6-29f9-4a9c-9b3b-1f4f9e7d9770","Error, Warning, Information","0"
"VBRuntime","Application","msvbvm60.dll","","","00000000-0000-0000-0000-000000000000","Information","0"
"vmicguestinterface","Application","vmicres.dll","","","00000000-0000-0000-0000-000000000000","Error, Warning, Information","0"
"vmicheartbeat","Application","vmicres.dll","","","00000000-0000-0000-0000-000000000000","Error, Warning, Information","0"
"vmickvpexchange","Application","vmicres.dll","","","00000000-0000-0000-0000-000000000000","Error, Warning, Information","0"
"vmicrdv","Application","vmicres.dll","","","00000000-0000-0000-0000-000000000000","Error, Warning, Information","0"
"vmicshutdown","Application","vmicres.dll","","","00000000-0000-0000-0000-000000000000","Error, Warning, Information","0"
"vmictimesync","Application","vmicres.dll","","","00000000-0000-0000-0000-000000000000","Error, Warning, Information","0"
"vmicvss","Application","vmicres.dll","","","00000000-0000-0000-0000-000000000000","Error, Warning, Information","0"
"vmtools","Application","vmtoolsd.exe","","","00000000-0000-0000-0000-000000000000","Error, Warning, Information","0"
"VMUpgradeHelper","Application","hwupgradehelper.dll","","","00000000-0000-0000-0000-000000000000","Error, Warning, Information","0"
"VMware Tools","Application","vmtools.dll","","","00000000-0000-0000-0000-000000000000","Error, Warning, Information","0"
"VSS","Application","vssvc.exe","","","00000000-0000-0000-0000-000000000000","Error, Warning, Information","0"
"VSSetup","Application","dw20.exe","","","00000000-0000-0000-0000-000000000000","Error, Warning, Information","0"
"W3Ctrs","Application","iisres.dll","","","90303b54-419d-4081-a683-6dbcb532f261","Error, Warning, Information","0"
"W3SVC-WP","Application","iisres.dll","","","670080d9-742a-4187-8d16-41143d1290bd","Error, Warning, Information","0"
"WAS-LA","Application","iisres.dll","","","d60acc81-2608-4617-bfb7-2452bf002430","Error, Warning, Information, Success Audit","0"
"WerSvc","Application","wersvc.dll","","","00000000-0000-0000-0000-000000000000","Error, Warning, Information","0"
"Windows Error Reporting","Application","wer.dll","","","00000000-0000-0000-0000-000000000000","Error, Warning, Information","0"
"Windows Search Service","Application","tquery.dll","C:\Windows\system32\tquery.dll","","ca4e628d-8567-4896-ab6b-835b221f373f","Error, Warning, Information","7"
"Windows Search Service Profile Notification","Application","wsepno.dll","","","fc6f77dd-769a-470e-bcf9-1b6555a118be","Error, Warning, Information","0"
"Wininit","Application","wininit.exe","","","206f6dea-d3c5-4d10-bc72-989f03c8b84b","Error, Warning, Information","0"
"Winlogon","Application","winlogon.exe","","","dbe9b383-7cf3-4331-91cc-a3cb16a3b538","Error, Warning, Information","0"
"WinMgmt","Application","","","","1edeee53-0afe-4609-b846-d8c0b2075b1f","","0"
"Wlclntfy","Application","winlogon.exe","","","dbe9b383-7cf3-4331-91cc-a3cb16a3b538","Error, Warning, Information","0"
"WMI.NET Provider Extension","Application","eventlogmessages.dll","","","00000000-0000-0000-0000-000000000000","Error, Warning, Information","0"
"WMSVC","Application","iisres.dll","","","23108b68-1b7e-43fa-94fb-ec3066805744","Error, Warning, Information","0"
"Wow64 Emulation Layer","Application","ntvdm64.dll","","","00000000-0000-0000-0000-000000000000","Error, Warning, Information","0"
"WSH","Application","wshext.dll","","","00000000-0000-0000-0000-000000000000","Error, Warning, Information, Success Audit, Failure Audit","0"
"KmsRequests","Key Management Service","sppsvc.exe","","","e23b33b0-c8c9-472c-a5f9-f2bdfea0f156","Error, Warning, Information","0"
"DS","Security","","","C:\Windows\System32\MsObjs.dll","00000000-0000-0000-0000-000000000000","","0"
"IIS-METABASE","Security","iisres.dll","","","00000000-0000-0000-0000-000000000000","","0"
"LSA","Security","","","C:\Windows\System32\MsObjs.dll","00000000-0000-0000-0000-000000000000","","0"
"Microsoft-Windows-Eventlog","Security","wevtsvc.dll","","","fc65ddd8-d6ef-4962-83d5-6e5cfe9ce148","","0"
"Microsoft-Windows-Security-Auditing","Security","adtschema.dll","","","54849625-5478-4994-a5ba-3e3b0328c30d","","0"
"SC Manager","Security","","","C:\Windows\System32\MsObjs.dll","00000000-0000-0000-0000-000000000000","","0"
"Security","Security","msaudite.dll","C:\Windows\System32\MsAuditE.dll","C:\Windows\System32\MsObjs.dll","00000000-0000-0000-0000-000000000000","Information, Success Audit, Failure Audit","9"
"Security Account Manager","Security","","","C:\Windows\System32\MsObjs.dll","00000000-0000-0000-0000-000000000000","","0"
"ServiceModel 3.0.0.0","Security","servicemodelevents.dll","%SystemRoot%\System32\MsAuditE.dll","C:\Windows\Microsoft.NET\Framework64\v3.0\Windows Communication Foundation\ServiceModelEvents.dll","00000000-0000-0000-0000-000000000000","Error, Warning, Information, Success Audit, Failure Audit","3"
"ServiceModel 4.0.0.0","Security","servicemodelevents.dll","%SystemRoot%\System32\MsAuditE.dll","C:\Windows\Microsoft.NET\Framework64\v4.0.30319\ServiceModelEvents.dll","00000000-0000-0000-0000-000000000000","Error, Warning, Information, Success Audit, Failure Audit","3"
"Spooler","Security","","","C:\Windows\System32\MsObjs.dll","00000000-0000-0000-0000-000000000000","","0"
"TCP/IP","Security","","","C:\Windows\System32\MsObjs.dll","00000000-0000-0000-0000-000000000000","","0"
"VSSAudit","Security","vssvc.exe","","","00000000-0000-0000-0000-000000000000","","0"
"3ware","System","iologmsg.dll","","","00000000-0000-0000-0000-000000000000","Error, Warning, Information","0"
"ACPI","System","iologmsg.dll; acpi.sys","","","00000000-0000-0000-0000-000000000000","Error, Warning, Information","0"
"ADP80XX","System","iologmsg.dll","","","00000000-0000-0000-0000-000000000000","Error, Warning, Information","0"
"AeLookupSvc","System","aelupsvc.dll","","","00000000-0000-0000-0000-000000000000","Error, Warning, Information","0"
"AFD","System","netevent.dll","","","00000000-0000-0000-0000-000000000000","Error, Warning, Information","0"
"AmdK8","System","iologmsg.dll; amdk8.sys","","","00000000-0000-0000-0000-000000000000","Error, Warning, Information","0"
"AmdPPM","System","iologmsg.dll; amdppm.sys","","","00000000-0000-0000-0000-000000000000","Error, Warning, Information","0"
"amdsata","System","iologmsg.dll","","","00000000-0000-0000-0000-000000000000","Error, Warning, Information","0"
"amdsbs","System","iologmsg.dll","","","00000000-0000-0000-0000-000000000000","Error, Warning, Information","0"
"amdxata","System","iologmsg.dll","","","00000000-0000-0000-0000-000000000000","Error, Warning, Information","0"
"APPHOSTSVC","System","iisres.dll","","","cac10856-9223-48fe-96ba-2a772274fb53","Error, Warning, Information","0"
"Application Management Group Policy","System","appmgmts.dll","","C:\Windows\System32\kernel32.dll","00000000-0000-0000-0000-000000000000","Error, Warning, Information","0"
"Application Popup","System","winsrv.dll","","","47bfa2b7-bd54-4fac-b70b-29021084ca8f","","0"
"AppReadiness","System","appreadiness.dll","","","f0be35f8-237b-4814-86b5-ade51192e503","Error, Warning, Information","0"
"arcsas","System","iologmsg.dll","","","00000000-0000-0000-0000-000000000000","Error, Warning, Information","0"
"atapi","System","iologmsg.dll","","","00000000-0000-0000-0000-000000000000","Error, Warning, Information","0"
"b06bdrv","System","iologmsg.dll; bxvbda.sys","","","00000000-0000-0000-0000-000000000000","Error, Warning, Information","0"
"BasicDisplay","System","","","","00000000-0000-0000-0000-000000000000","","0"
"BasicRender","System","iologmsg.dll","","","00000000-0000-0000-0000-000000000000","Error, Warning, Information","0"
"beep","System","iologmsg.dll","","","00000000-0000-0000-0000-000000000000","Error, Warning, Information","0"
"Bowser","System","netevent.dll","","","00000000-0000-0000-0000-000000000000","Error, Warning, Information","0"
"Browser","System","netevent.dll","","","00000000-0000-0000-0000-000000000000","Error, Warning, Information","0"
"BugCheck","System","","","","abce23e7-de45-4366-8631-84fa6c525952","","0"
"cdrom","System","iologmsg.dll","","","00000000-0000-0000-0000-000000000000","Error, Warning, Information","0"
"CertObj","System","certobj.dll","","","00000000-0000-0000-0000-000000000000","Error, Warning, Information","0"
"DCOM","System","","","","1b562e86-b7aa-4131-badc-b6f3a001407e","","0"
"DfsSvc","System","","","","7da4fe0e-fd42-4708-9aa5-89b77a224885","","0"
"Dhcp","System","dhcpcore.dll","","C:\Windows\System32\kernel32.dll","15a7a4f8-0072-4eab-abad-f98a4d666aed","","0"
"Dhcpv6","System","dhcpcore6.dll","","C:\Windows\system32\kernelbase.dll","6a1f2b00-6a90-4c38-95a5-5cab3b056778","","0"
"Dhcp_QEC","System","dhcpqec.dll","","C:\Windows\System32\dhcpqec.dll","f6da35ce-d312-41c8-9828-5a2e173c91b6","Error, Warning, Information, Success Audit, Failure Audit","0"
"disk","System","iologmsg.dll","","","00000000-0000-0000-0000-000000000000","Error, Warning, Information","0"
"Display","System","dxgwdi.dll","","","00000000-0000-0000-0000-000000000000","Error, Warning, Information","0"
"dmvsc","System","iologmsg.dll; dmvscres.dll","","","00000000-0000-0000-0000-000000000000","Error, Warning, Information","0"
"Dnsapi","System","netevent.dll","","C:\Windows\system32\kernel32.dll","00000000-0000-0000-0000-000000000000","Error, Warning, Information","0"
"Dnscache","System","netevent.dll","","C:\Windows\system32\kernel32.dll","00000000-0000-0000-0000-000000000000","Error, Warning, Information","0"
"e1iexpress","System","netevent.dll","","","00000000-0000-0000-0000-000000000000","Error, Warning, Information","0"
"ebdrv","System","iologmsg.dll; evbda.sys","","","00000000-0000-0000-0000-000000000000","Error, Warning, Information","0"
"eventlog","System","netevent.dll","","","00000000-0000-0000-0000-000000000000","Error, Warning, Information","0"
"exFAT","System","iologmsg.dll","","","00000000-0000-0000-0000-000000000000","Error, Warning, Information","0"
"FltMgr","System","fltmgr.sys; iologmsg.dll","","","00000000-0000-0000-0000-000000000000","Error, Warning, Information","0"
"FTPSVC","System","ftpres.dll","","","de0d3420-9914-43db-8917-7e0c98465891","Error, Warning, Information","0"
"fvevol","System","","","","651df93b-5053-4d1e-94c5-f6e6d25908d0","","0"
"FxPPM","System","iologmsg.dll; fxppm.sys","","","00000000-0000-0000-0000-000000000000","Error, Warning, Information","0"
"HidBth","System","iologmsg.dll; hidbth.sys","","","00000000-0000-0000-0000-000000000000","Error, Warning, Information","0"
"hidi2c","System","iologmsg.dll; hidi2c.sys","","","00000000-0000-0000-0000-000000000000","Error, Warning, Information","0"
"HpSAMD","System","iologmsg.dll","","","00000000-0000-0000-0000-000000000000","Error, Warning, Information","0"
"Http","System","","","","7b6bc78c-898b-4170-bbf8-1a469ea43fc5","","0"
"i8042prt","System","iologmsg.dll; i8042prt.sys","","","00000000-0000-0000-0000-000000000000","Error, Warning, Information","0"
"iaLPSSi_GPIO","System","iologmsg.dll","","","00000000-0000-0000-0000-000000000000","Error, Warning, Information","0"
"iaLPSSi_I2C","System","iologmsg.dll","","","00000000-0000-0000-0000-000000000000","Error, Warning, Information","0"
"iaStorAV","System","iologmsg.dll; iastorav.sys","","","00000000-0000-0000-0000-000000000000","Error, Warning, Information","0"
"iaStorV","System","iologmsg.dll; iastorv.sys","","","00000000-0000-0000-0000-000000000000","Error, Warning, Information","0"
"IIS Config","System","iiscfg.dll","C:\Windows\system32\inetsrv\iiscfg.dll","C:\Windows\system32\inetsrv\iiscfg.dll","00000000-0000-0000-0000-000000000000","Error, Warning, Information","21"
"IIS-METABASE","System","iisres.dll","","","bbb924b8-f415-4f57-aa45-1007f704c9b1","","0"
"IISCTLS","System","iisres.dll","","","da9a85bb-563d-40fb-a164-8e982ea6844b","Error, Warning, Information","0"
"IISLOG","System","iscomlog.dll","","","00000000-0000-0000-0000-000000000000","Success","0"
"IISWMI","System","iiswmi.dll","","","00000000-0000-0000-0000-000000000000","Error, Warning, Information","0"
"intelppm","System","iologmsg.dll; intelppm.sys","","","00000000-0000-0000-0000-000000000000","Error, Warning, Information","0"
"IPMGM","System","rtm.dll","","","29d13147-1c2e-48ec-9994-e29dfe496eb3","Error, Warning, Information","0"
"IPMIDRV","System","ipmidrv.sys","","","00000000-0000-0000-0000-000000000000","Error, Warning, Information","0"
"IPNATHLP","System","","","","a6f32731-9a38-4159-a220-3d9b7fc5fe5d","","0"
"Iprip","System","iprip.dll","","","00000000-0000-0000-0000-000000000000","Error, Warning, Information","0"
"IPRouterManager","System","mprmsg.dll","","","f2c628ae-d26c-4352-9c45-74754e1e2f9f","Error, Warning, Information","0"
"isapnp","System","iologmsg.dll; isapnp.sys","","","00000000-0000-0000-0000-000000000000","Error, Warning, Information","0"
"iScsiPrt","System","iscsilog.dll","","","00000000-0000-0000-0000-000000000000","Error, Warning, Information","0"
"kbdclass","System","iologmsg.dll; kbdclass.sys","","","00000000-0000-0000-0000-000000000000","Error, Warning, Information","0"
"kbdhid","System","iologmsg.dll; kbdhid.sys","","","00000000-0000-0000-0000-000000000000","Error, Warning, Information","0"
"kdnic","System","netevent.dll","","","00000000-0000-0000-0000-000000000000","Error, Warning, Information","0"
"Kerberos","System","kerberos.dll","","","98e6cfcb-ee0a-41e0-a57b-622d4e1b30b1","Error, Warning, Information","0"
"lltdio","System","netevent.dll","","","00000000-0000-0000-0000-000000000000","Error, Warning, Information","0"
"LmHosts","System","netevent.dll","","","00000000-0000-0000-0000-000000000000","Error, Warning, Information","0"
"LPDSVC","System","","","","9f44821f-1fd9-46bf-a09a-c7f751159aaf","","0"
"LsaSrv","System","lsasrv.dll","","","199fe037-2b82-40a9-82ac-e1d46c792b99","","0"
"LSI_SAS","System","iologmsg.dll","","","00000000-0000-0000-0000-000000000000","Error, Warning, Information","0"
"LSI_SAS2","System","iologmsg.dll","","","00000000-0000-0000-0000-000000000000","Error, Warning, Information","0"
"LSI_SAS3","System","iologmsg.dll","","","00000000-0000-0000-0000-000000000000","Error, Warning, Information","0"
"LSI_SSS","System","iologmsg.dll","","","00000000-0000-0000-0000-000000000000","Error, Warning, Information","0"
"LSM","System","lsm.dll","","","5d896912-022d-40aa-a3a8-4fa5515c76d7","Error, Warning, Information","0"
"megasas","System","iologmsg.dll","","","00000000-0000-0000-0000-000000000000","Error, Warning, Information","0"
"megasr","System","iologmsg.dll","","","00000000-0000-0000-0000-000000000000","Error, Warning, Information","0"
"Microsoft-Windows-BitLocker-API","System","fveapi.dll","","","5d674230-ca9f-11da-a94d-0800200c9a66","","0"
"Microsoft-Windows-BitLocker-Driver","System","fvevol.sys","","","651df93b-5053-4d1e-94c5-f6e6d25908d0","","0"
"Microsoft-Windows-Bits-Client","System","qmgr.dll","","","ef1cc15b-46c1-414e-bb95-e76b077bd51e","","0"
"Microsoft-Windows-CorruptedFileRecovery-Client","System","cofiredm.dll","","","ba093605-3909-4345-990b-26b746adee0a","","0"
"Microsoft-Windows-CorruptedFileRecovery-Server","System","cofiredm.dll","","","d6f68875-cdf5-43a5-a3e3-53ffd683311c","","0"
"Microsoft-Windows-Devices-Background","System","deviceaccess.dll","","","64ef2b1c-4ae1-4e64-8599-1636e441ec88","","0"
"Microsoft-Windows-DfsSvc","System","netevent.dll","","","7da4fe0e-fd42-4708-9aa5-89b77a224885","","0"
"Microsoft-Windows-Dhcp-Client","System","dhcpcore.dll","","","15a7a4f8-0072-4eab-abad-f98a4d666aed","","0"
"Microsoft-Windows-Dhcp-Nap-Enforcement-Client","System","dhcpqec.dll","","","f6da35ce-d312-41c8-9828-5a2e173c91b6","","0"
"Microsoft-Windows-DHCPv6-Client","System","dhcpcore6.dll","","","6a1f2b00-6a90-4c38-95a5-5cab3b056778","","0"
"Microsoft-Windows-Diagnostics-Networking","System","netdiagfx.dll","","","36c23e18-0e66-11d9-bbeb-505054503030","","0"
"Microsoft-Windows-Directory-Services-SAM","System","samsrv.dll","","","0d4fdc09-8c27-494a-bda0-505e4fd8adae","","0"
"Microsoft-Windows-DirectoryServices-DSROLE-Server","System","dsrolesrv.dll","","","2876b2fb-2dad-4f51-abbc-56e73dd0cf4c","","0"
"Microsoft-Windows-DirectoryServices-LSADB","System","lsadb.dll","","","30974659-5cab-45cf-8237-0dcfdcfa0d26","","0"
"Microsoft-Windows-DiskDiagnostic","System","dfdts.dll","","","e670a5a2-ce74-4ab4-9347-61b815319f4c","","0"
"Microsoft-Windows-DistributedCOM","System","combase.dll","","","1b562e86-b7aa-4131-badc-b6f3a001407e","","0"
"Microsoft-Windows-DNS-Client","System","dnsapi.dll","","","1c95126e-7eea-49a9-a3fe-a378b03ddb4d","","0"
"Microsoft-Windows-DriverFrameworks-UserMode","System","wudfplatform.dll","","","2e35aaeb-857f-4beb-a418-2e6c0e54d988","","0"
"Microsoft-Windows-EnhancedStorage-EhStorTcgDrv","System","ehstortcgdrv.sys","","","aa3aa23b-bb6d-425a-b58c-1d7e37f5d02a","","0"
"Microsoft-Windows-EventCollector","System","wecsvc.dll","","","b977cf02-76f6-df84-cc1a-6a4b232322b6","","0"
"Microsoft-Windows-Eventlog","System","wevtsvc.dll","","","fc65ddd8-d6ef-4962-83d5-6e5cfe9ce148","","0"
"Microsoft-Windows-exFAT-SQM","System","exfat.sys","","","494e7a3d-8db9-4ec4-b43e-2844af6e38d6","","0"
"Microsoft-Windows-Fat-SQM","System","fastfat.sys","","","3e59a529-b0b3-4a11-8129-9ffe6bb46eb9","","0"
"Microsoft-Windows-Fault-Tolerant-Heap","System","fthsvc.dll","","","6b93bf66-a922-4c11-a617-cf60d95c133d","","0"
"Microsoft-Windows-FilterManager","System","fltmgr.sys","","","f3c5e28e-63f6-49c7-a204-e48a1bc4b09d","","0"
"Microsoft-Windows-Firewall","System","mpssvc.dll","","","e595f735-b42a-494b-afcd-b68666945cd3","","0"
"Microsoft-Windows-FMS","System","fms.dll","","","dea07764-0790-44de-b9c4-49677b17174f","","0"
"Microsoft-Windows-FunctionDiscoveryHost","System","fdphost.dll","","","538cbbad-4877-4eb2-b26e-7caee8f0f8cb","","0"
"Microsoft-Windows-GPIO-ClassExtension","System","msgpioclx.sys","","","55ab77f6-fa04-43ef-af45-688fbf500482","","0"
"Microsoft-Windows-GroupPolicy","System","gpsvc.dll","","","aea1b4fa-97d1-45f2-a64c-4d69fffd92c9","","0"
"Microsoft-Windows-HAL","System","microsoft-windows-hal-events.dll","","","63d1e632-95cc-4443-9312-af927761d52a","","0"
"Microsoft-Windows-HttpEvent","System","http.sys","","","7b6bc78c-898b-4170-bbf8-1a469ea43fc5","","0"
"Microsoft-Windows-Hyper-V-Hypervisor","System","hvservice.sys","","","52fc89f8-995e-434c-a91e-199986449890","","0"
"Microsoft-Windows-Hyper-V-VMMS","System","vmms.exe","","","6066f867-7ca1-4418-85fd-36e3f9c0600c","","0"
"Microsoft-Windows-Hyper-V-VmSwitch","System","vmswitch.sys","","","67dc0d66-3695-47c0-9642-33f76f7bd7ad","","0"
"Microsoft-Windows-InstallUX","System","installeventres.dll","","","93b4ff2e-42a9-431f-876c-3c70a84560fe","","0"
"Microsoft-Windows-Iphlpsvc","System","iphlpsvc.dll","","","66a5c15c-4f8e-4044-bf6e-71d896038977","","0"
"Microsoft-Windows-Kernel-Boot","System","microsoft-windows-system-events.dll","","","15ca44ff-4d7a-4baa-bba5-0998955e531e","","0"
"Microsoft-Windows-Kernel-General","System","microsoft-windows-system-events.dll","","","a68ca8b7-004f-d7b6-a698-07e2de0f1f5d","","0"
"Microsoft-Windows-Kernel-Interrupt-Steering","System","microsoft-windows-kernel-processor-power-events.dll","","","951b41ea-c830-44dc-a671-e2c9958809b8","","0"
"Microsoft-Windows-Kernel-PnP","System","microsoft-windows-kernel-pnp-events.dll","","","9c205a39-1250-487d-abd7-e831c6290539","","0"
"Microsoft-Windows-Kernel-Power","System","microsoft-windows-kernel-power-events.dll","","","331c3b3a-2005-44c2-ac5e-77220c37d6b4","","0"
"Microsoft-Windows-Kernel-Processor-Power","System","microsoft-windows-kernel-processor-power-events.dll","","","0f67e49f-fe51-4e9f-b490-6f2948cc6027","","0"
"Microsoft-Windows-Kernel-Tm","System","ktmw32.dll","","","4cec9c95-a65f-4591-b5c4-30100e51d870","","0"
"Microsoft-Windows-Kernel-WHEA","System","pshed.dll","","","7b563579-53c8-44e7-8236-0f87b9fe6594","","0"
"Microsoft-Windows-Kernel-XDV","System","verifierext.sys","","","f029ac39-38f0-4a40-b7de-404d244004cb","","0"
"Microsoft-Windows-LanguagePackSetup","System","lpksetup.exe","","","7237fff9-a08a-4804-9c79-4a8704b70b87","","0"
"Microsoft-Windows-Memory-Diagnostic-Task-Handler","System","memorydiagnostic.dll","","","babda89a-4d5e-48eb-af3d-e0e8410207c0","","0"
"Microsoft-Windows-MemoryDiagnostics-Results","System","relpost.exe","","","5f92bc59-248f-4111-86a9-e393e12c6139","","0"
"Microsoft-Windows-MemoryDiagnostics-Schedule","System","mdsched.exe","","","73e9c9de-a148-41f7-b1db-4da051fdc327","","0"
"Microsoft-Windows-NDIS","System","ndis.sys","","","cdead503-17f5-4a3e-b7ae-df8cc2902eb9","","0"
"Microsoft-Windows-NdisImPlatformSysEvtProvider","System","ndisimplatform.sys","","","62de9e48-90c6-4755-8813-6a7d655b0802","","0"
"Microsoft-Windows-NetworkBridge","System","bridge.sys","","","a67075c2-3e39-4109-b6cd-6d750058a731","","0"
"Microsoft-Windows-Ntfs","System","ntfs.sys","","","3ff37a1c-a68d-4d6e-8c9b-f79e8b16c482","","0"
"Microsoft-Windows-Ntfs-SQM","System","ntfs.sys","","","e9b319e4-0030-40a7-91cb-04d6a8ef7e09","","0"
"Microsoft-Windows-Ntfs-UBPM","System","ntfs.sys","","","8e6a5303-a4ce-498f-afdb-e03a8a82b077","","0"
"Microsoft-Windows-OfflineFiles","System","cscsvc.dll","","","95353826-4fbe-41d4-9c42-f521c6e86360","","0"
"Microsoft-Windows-Power-Troubleshooter","System","pots.dll","","","cdc05e28-c449-49c6-b9d2-88cf761644df","","0"
"Microsoft-Windows-RasSstp","System","sstpsvc.dll","","","6c260f2c-049a-43d8-bf4d-d350a4e6611a","","0"
"Microsoft-Windows-ResetEng","System","reseteng.dll","","","a4445c76-ed85-c8a3-02c1-532a38614a9e","","0"
"Microsoft-Windows-Resource-Exhaustion-Detector","System","radardt.dll","","","9988748e-c2e8-4054-85f6-0c3e1cad2470","","0"
"Microsoft-Windows-ResourcePublication","System","fdrespub.dll","","","74c2135f-cc76-45c3-879a-ef3bb1eeaf86","","0"
"Microsoft-Windows-SCPNP","System","certprop.dll","","","9f650c63-9409-453c-a652-83d7185a2e83","","0"
"Microsoft-Windows-Serial-ClassExtension","System","sercx.sys","","","47bc9477-a8ba-452e-b951-4f2ed3593cf9","","0"
"Microsoft-Windows-Serial-ClassExtension-V2","System","sercx2.sys","","","eee173ef-7ed2-45de-9877-01c70a852fbd","","0"
"Microsoft-Windows-Servicing","System","cbsmsg.dll","","","bd12f3b8-fc40-4a61-a307-b7a013a069c1","Error, Warning, Information","0"
"Microsoft-Windows-Setup","System","winsetup.dll","","","75ebc33e-997f-49cf-b49f-ecc50184b75d","","0"
"Microsoft-Windows-SetupPlatform","System","setupetw.dll","","","530fb9b9-c515-4472-9313-fb346f9255e3","","0"
"Microsoft-Windows-SPB-ClassExtension","System","spbcx.sys","","","72cd9ff7-4af8-4b89-aede-5f26fda13567","","0"
"Microsoft-Windows-SPB-HIDI2C","System","hidi2c.sys","","","991f8fe6-249d-44d6-b93d-5a3060c1dedb","","0"
"Microsoft-Windows-Spell-Checking","System","msspellcheckingfacility.dll","","","d0e22efc-ac66-4b25-a72d-382736b5e940","","0"
"Microsoft-Windows-SpellChecker","System","msspellcheckingfacility.dll","","","b2fcd41f-9a40-4150-8c92-b224b7d8c8aa","","0"
"Microsoft-Windows-Spooler-LPDSVC","System","lpdsvc.dll","","","9f44821f-1fd9-46bf-a09a-c7f751159aaf","","0"
"Microsoft-Windows-StartupRepair","System","reagent.dll","","","c914f0df-835a-4a22-8c70-732c9a80c634","","0"
"Microsoft-Windows-Subsys-SMSS","System","csrsrv.dll","","","43e63da5-41d1-4fbf-aded-1bbed98fdd1d","","0"
"Microsoft-Windows-TaskScheduler","System","schedsvc.dll","","","de7b24ea-73c8-4a09-985d-5bdadcfa9017","","0"
"Microsoft-Windows-TerminalServices-LocalSessionManager","System","lsm.dll","","","5d896912-022d-40aa-a3a8-4fa5515c76d7","","0"
"Microsoft-Windows-TerminalServices-RemoteConnectionManager","System","termsrv.dll","","","c76baa63-ae81-421c-b425-340b4b24157f","","0"
"Microsoft-Windows-Time-Service","System","w32time.dll","","","06edcfeb-0fd0-4e53-acca-a6f8bbf81bcb","","0"
"Microsoft-Windows-TPM-WMI","System","win32_tpm.dll","","","7d5387b0-cbe0-11da-a94d-0800200c9a66","","0"
"Microsoft-Windows-USB-USBXHCI","System","usbxhci.sys","","","30e1d284-5d88-459c-83fd-6345b39b19ec","","0"
"Microsoft-Windows-UserModePowerService","System","umpo.dll","","","ce8dee0b-d539-4000-b0f8-77bed049c590","","0"
"Microsoft-Windows-UserPnp","System","umpnpmgr.dll","","","96f4a050-7e31-453c-88be-9634f4e02139","","0"
"Microsoft-Windows-WHEA-Logger","System","whealogr.dll","","","c26c4f3c-3f66-4e99-8f8a-39405cfed220","","0"
"Microsoft-Windows-WindowsToGo-StartupOptions","System","pwlauncher.dll","","","2e6cb42e-161d-413b-a6c1-84ca4c1e5890","","0"
"Microsoft-Windows-WindowsUpdateClient","System","wuaueng.dll","","","945a8954-c147-4acd-923f-40c45405a658","","0"
"Microsoft-Windows-Wininit","System","wininit.exe","","","206f6dea-d3c5-4d10-bc72-989f03c8b84b","","0"
"Microsoft-Windows-Winlogon","System","winlogon.exe","","","dbe9b383-7cf3-4331-91cc-a3cb16a3b538","","0"
"Microsoft-Windows-WLAN-AutoConfig","System","wlansvc.dll","","","9580d7dd-0379-4658-9870-d5be7d52d6de","","0"
"mouclass","System","iologmsg.dll; mouclass.sys","","","00000000-0000-0000-0000-000000000000","Error, Warning, Information","0"
"mouhid","System","iologmsg.dll; mouhid.sys","","","00000000-0000-0000-0000-000000000000","Error, Warning, Information","0"
"mrxsmb","System","netevent.dll; iologmsg.dll","","C:\Windows\System32\kernel32.dll","00000000-0000-0000-0000-000000000000","Error, Warning, Information","0"
"MsBridge","System","netevent.dll","","","00000000-0000-0000-0000-000000000000","Error, Warning, Information","0"
"MSDTC Gateway","System","eventlogmessages.dll","","","00000000-0000-0000-0000-000000000000","","0"
"MSDTC WS-AT Protocol","System","eventlogmessages.dll","","","00000000-0000-0000-0000-000000000000","","0"
"mshidumdf","System","iologmsg.dll; hidbthle.dll","","","00000000-0000-0000-0000-000000000000","Error, Warning, Information","0"
"MSiSCSI","System","iscsiexe.dll","","","00000000-0000-0000-0000-000000000000","Error, Warning, Information","0"
"MTConfig","System","iologmsg.dll; mtconfig.sys","","","00000000-0000-0000-0000-000000000000","Error, Warning, Information","0"
"Mup","System","netevent.dll; iologmsg.dll","","","00000000-0000-0000-0000-000000000000","Error, Warning, Information","0"
"mvumis","System","iologmsg.dll","","","00000000-0000-0000-0000-000000000000","Error, Warning, Information","0"
"NAPIPSecEnf","System","","","","8115579e-2bea-4c9e-9ab1-821cc2c98ab0","","0"
"NdisImPlatform","System","netevent.dll","","","00000000-0000-0000-0000-000000000000","Error, Warning, Information","0"
"NdisImPlatformSysEvtProvider","System","","","","62de9e48-90c6-4755-8813-6a7d655b0802","","0"
"NdisWan","System","mprmsg.dll","","","00000000-0000-0000-0000-000000000000","Error, Warning, Information, Success Audit, Failure Audit","0"
"NdisWanLegacy","System","mprmsg.dll","","","00000000-0000-0000-0000-000000000000","Error, Warning, Information, Success Audit, Failure Audit","0"
"NetBIOS","System","iologmsg.dll","","","00000000-0000-0000-0000-000000000000","Error, Warning, Information","0"
"NetBT","System","netevent.dll","","","00000000-0000-0000-0000-000000000000","Error, Warning, Information","0"
"NetJoin","System","netjoin.dll","","","9741fd4e-3757-479f-a3c6-fc49f6d5edd0","","0"
"Netlogon","System","netmsg.dll","","C:\Windows\System32\kernel32.dll","00000000-0000-0000-0000-000000000000","Error, Warning, Information","0"
"netvsc","System","iologmsg.dll; netvscres.dll","","","00000000-0000-0000-0000-000000000000","Error, Warning, Information","0"
"netvscvfpp","System","netevent.dll","","","00000000-0000-0000-0000-000000000000","Error, Warning, Information","0"
"Nfsrdr","System","nfsrdr.sys","","","00000000-0000-0000-0000-000000000000","Error, Warning, Information","0"
"Ntfs","System","ntfs.sys","","","00000000-0000-0000-0000-000000000000","","0"
"nvraid","System","","","","00000000-0000-0000-0000-000000000000","","0"
"nvstor","System","iologmsg.dll; nvstor.sys","","","00000000-0000-0000-0000-000000000000","Error, Warning, Information","0"
"P2PIMSvc","System","","","","2992e9cf-4f99-48f5-a0b6-b99b11cd387d","","0"
"Parport","System","iologmsg.dll; parport.sys","","","00000000-0000-0000-0000-000000000000","Error, Warning, Information","0"
"partmgr","System","iologmsg.dll","","","00000000-0000-0000-0000-000000000000","Error, Warning, Information","0"
"pcmcia","System","iologmsg.dll; pcmcia.sys","","","00000000-0000-0000-0000-000000000000","Error, Warning, Information","0"
"PNPMEM","System","iologmsg.dll; pnpmem.sys","","","00000000-0000-0000-0000-000000000000","Error, Warning, Information","0"
"PNRPSvc","System","","","","bbe94f36-f8dc-4c33-8227-81602b7a3d53","","0"
"Power","System","umpo.dll","","","00000000-0000-0000-0000-000000000000","Error, Warning, Information","0"
"Print","System","ntprint.dll","","","747ef6fd-e535-4d16-b510-42c90f6873a1","Error, Warning, Information","0"
"PrintFilterPipelineSvc","System","","","","5b33145c-1c66-49f3-b4ca-f563c165f2c0","Error","0"
"Processor","System","iologmsg.dll; processr.sys","","","00000000-0000-0000-0000-000000000000","Error, Warning, Information","0"
"pvhdparser","System","iologmsg.dll; pvhdparser.sys","","","00000000-0000-0000-0000-000000000000","Error, Warning, Information","0"
"RasAuto","System","mprmsg.dll","","","00000000-0000-0000-0000-000000000000","Error, Warning, Information, Success Audit, Failure Audit","0"
"Rasman","System","mprmsg.dll","","","00000000-0000-0000-0000-000000000000","Error, Warning, Information, Success Audit, Failure Audit","0"
"RasSstp","System","sstpsvc.dll","","","6c260f2c-049a-43d8-bf4d-d350a4e6611a","Information, Success Audit, Failure Audit","0"
"rdbss","System","netevent.dll","","","00000000-0000-0000-0000-000000000000","Error, Warning, Information","0"
"ReFS","System","refs.sys","","","036647d2-2fb0-4e32-8349-3f5c19c16e5e","","0"
"RemoteAccess","System","mprmsg.dll","","C:\Windows\System32\iassvcs.dll","00000000-0000-0000-0000-000000000000","Error, Warning, Information, Success Audit, Failure Audit","0"
"RMCAST","System","netevent.dll","","","00000000-0000-0000-0000-000000000000","Error, Warning, Information","0"
"RpcXdr","System","iologmsg.dll; rpcxdr.sys","","","00000000-0000-0000-0000-000000000000","Error, Warning, Information","0"
"rspndr","System","netevent.dll","","","00000000-0000-0000-0000-000000000000","Error, Warning, Information","0"
"SAM","System","samsrv.dll","","","0d4fdc09-8c27-494a-bda0-505e4fd8adae","Error, Warning, Information","0"
"sbp2port","System","iologmsg.dll; sbp2port.sys","","","00000000-0000-0000-0000-000000000000","Error, Warning, Information","0"
"SCardSvr","System","","","","4fcbf664-a33a-4652-b436-9d558983d955","","0"
"Schannel","System","lsasrv.dll","","","1f678132-5938-4686-9fdc-c8ff68f15c85","","0"
"sercx","System","sercx.sys","","","00000000-0000-0000-0000-000000000000","Error, Warning, Information","0"
"sercx2","System","sercx2.sys","","","00000000-0000-0000-0000-000000000000","Error, Warning, Information","0"
"Serial","System","iologmsg.dll; serial.sys","","","00000000-0000-0000-0000-000000000000","Error, Warning, Information","0"
"sermouse","System","iologmsg.dll; sermouse.sys","","","00000000-0000-0000-0000-000000000000","Error, Warning, Information","0"
"Server","System","netevent.dll","","","00000000-0000-0000-0000-000000000000","Error, Warning, Information","0"
"Service Control Manager","System","services.exe","","","555908d1-a6d7-4695-8e1e-26931d2012f4","","0"
"SiSRaid2","System","iologmsg.dll","","","00000000-0000-0000-0000-000000000000","Error, Warning, Information","0"
"SiSRaid4","System","iologmsg.dll","","","00000000-0000-0000-0000-000000000000","Error, Warning, Information","0"
"SMSvcHost 3.0.0.0","System","servicemodelevents.dll","C:\Windows\Microsoft.NET\Framework64\v3.0\Windows Communication Foundation\ServiceModelEvents.dll","","00000000-0000-0000-0000-000000000000","","14"
"SMSvcHost 4.0.0.0","System","servicemodelevents.dll","C:\Windows\Microsoft.NET\Framework64\v4.0.30319\ServiceModelEvents.dll","","00000000-0000-0000-0000-000000000000","","15"
"SNMP","System","snmp.exe","","","00000000-0000-0000-0000-000000000000","Error, Warning, Information","0"
"SNMPTRAP","System","snmptrap.exe","","","00000000-0000-0000-0000-000000000000","Error, Warning, Information","0"
"spaceport","System","iologmsg.dll","","","00000000-0000-0000-0000-000000000000","Error, Warning, Information","0"
"spbcx","System","spbcx.sys","","","00000000-0000-0000-0000-000000000000","Error, Warning, Information","0"
"Srv","System","netevent.dll","","","00000000-0000-0000-0000-000000000000","Error, Warning, Information","0"
"stexstor","System","iologmsg.dll","","","00000000-0000-0000-0000-000000000000","Error, Warning, Information","0"
"StillImage","System","wiaservc.dll","","","00000000-0000-0000-0000-000000000000","Error, Warning, Information","0"
"storahci","System","iologmsg.dll","","","00000000-0000-0000-0000-000000000000","Error, Warning, Information","0"
"storflt","System","iologmsg.dll; vmstorfltres.dll","","","00000000-0000-0000-0000-000000000000","Error, Warning, Information","0"
"stornvme","System","iologmsg.dll","","","00000000-0000-0000-0000-000000000000","Error, Warning, Information","0"
"storvsc","System","iologmsg.dll","","","00000000-0000-0000-0000-000000000000","Error, Warning, Information","0"
"storvsp","System","iologmsg.dll; storvsp.sys","","","00000000-0000-0000-0000-000000000000","Error, Warning, Information","0"
"System","System","","C:\Windows\system32\wevtapi.dll","","00000000-0000-0000-0000-000000000000","","7"
"Tcpip","System","netevent.dll","","","00000000-0000-0000-0000-000000000000","Error, Warning, Information","0"
"Tcpip6","System","netevent.dll","","","00000000-0000-0000-0000-000000000000","Error, Warning, Information","0"
"TCPMon","System","tcpmon.dll","","","00000000-0000-0000-0000-000000000000","Error, Warning, Information","0"
"TermService","System","termsrv.dll","","","c76baa63-ae81-421c-b425-340b4b24157f","Error, Warning, Information","0"
"TPM","System","tpm.sys","","","1b6b0772-251b-4d42-917d-faca166bc059","","0"
"TsUsbFlt","System","tsusbflt.sys","","","6e400999-5b82-475f-b800-cef6fe361539","","0"
"tsusbhub","System","","","","dcbe5aaa-16e2-457c-9337-366950045f0a","","0"
"tunnel","System","netevent.dll","","","00000000-0000-0000-0000-000000000000","Error, Warning, Information","0"
"UASPStor","System","iologmsg.dll","","","00000000-0000-0000-0000-000000000000","Error, Warning, Information","0"
"UEFI","System","iologmsg.dll; uefi.sys","","","00000000-0000-0000-0000-000000000000","Error, Warning, Information","0"
"UmRdpService","System","umrdp.dll","","","952773bf-c2b7-49bc-88f4-920744b82c43","","0"
"usbehci","System","iologmsg.dll; usbehci.sys","","","00000000-0000-0000-0000-000000000000","Error, Warning, Information","0"
"User32","System","user32.dll","","","b0aa8734-56f7-41cc-b2f4-de228e98b946","","0"
"VDS Basic Provider","System","vdsbas.dll","","","00000000-0000-0000-0000-000000000000","Error, Warning, Information","0"
"VDS Dynamic Provider","System","vdsdyn.dll","","","00000000-0000-0000-0000-000000000000","Error, Warning, Information","0"
"VDS Virtual Disk Provider","System","vdsvd.dll","","","00000000-0000-0000-0000-000000000000","Error, Warning, Information","0"
"vhdmp","System","iologmsg.dll","","","00000000-0000-0000-0000-000000000000","Error, Warning, Information","0"
"vhdparser","System","iologmsg.dll; vhdparser.sys","","","00000000-0000-0000-0000-000000000000","Error, Warning, Information","0"
"Virtual Disk Service","System","vds.exe","","","00000000-0000-0000-0000-000000000000","Error, Warning, Information","0"
"vm3dmp","System","iologmsg.dll; vm3dmp.sys","","","00000000-0000-0000-0000-000000000000","Error, Warning, Information","0"
"vmbus","System","iologmsg.dll; vmbusres.dll","","","00000000-0000-0000-0000-000000000000","Error, Warning, Information","0"
"vmbusr","System","iologmsg.dll; vmbusres.dll","","","00000000-0000-0000-0000-000000000000","Error, Warning, Information","0"
"vmci","System","vmci.sys","","","00000000-0000-0000-0000-000000000000","Error, Warning, Information","0"
"VMSMP","System","iologmsg.dll; vmswitch.sys","","","00000000-0000-0000-0000-000000000000","Error, Warning, Information","0"
"VMSP","System","netevent.dll","","","00000000-0000-0000-0000-000000000000","Error, Warning, Information","0"
"VMSVSF","System","netevent.dll","","","00000000-0000-0000-0000-000000000000","Error, Warning, Information","0"
"VMSVSP","System","netevent.dll","","","00000000-0000-0000-0000-000000000000","Error, Warning, Information","0"
"volmgr","System","iologmsg.dll","","","00000000-0000-0000-0000-000000000000","Error, Warning, Information","0"
"Volsnap","System","iologmsg.dll; volsnap.sys","","","00000000-0000-0000-0000-000000000000","Error, Warning, Information","0"
"vpci","System","iologmsg.dll; vpci.sys","","","00000000-0000-0000-0000-000000000000","Error, Warning, Information","0"
"vpcivsp","System","iologmsg.dll; vpcivsp.sys","","","00000000-0000-0000-0000-000000000000","Error, Warning, Information","0"
"vsmraid","System","iologmsg.dll","","","00000000-0000-0000-0000-000000000000","Error, Warning, Information","0"
"VSTXRAID","System","iologmsg.dll","","","00000000-0000-0000-0000-000000000000","Error, Warning, Information","0"
"W32Time","System","w32time.dll","","","06edcfeb-0fd0-4e53-acca-a6f8bbf81bcb","Error, Warning, Information","0"
"W3LOGSVC","System","iisres.dll","","","ff6656cf-35a8-4194-a817-f79c7fdef697","Error, Warning, Information","0"
"W3SVC","System","iisres.dll","","","05448e22-93de-4a7a-bba5-92e27486a8be","Error, Warning, Information","0"
"WacomPen","System","iologmsg.dll; wacompen.sys","","","00000000-0000-0000-0000-000000000000","Error, Warning, Information","0"
"WAS","System","iisres.dll","","","524b5d04-133c-4a62-8362-64e8edb9ce40","Error, Warning, Information","0"
"wdf01000","System","wdf01000.sys","","","00000000-0000-0000-0000-000000000000","Error, Warning, Information","0"
"wecsvc","System","wecsvc.dll","","","00000000-0000-0000-0000-000000000000","Error, Warning, Information","0"
"Win32k","System","win32k.sys","","","00000000-0000-0000-0000-000000000000","Error, Warning, Information","0"
"WinDefend","System","mpevmsg.dll","","C:\Program Files (x86)\Windows Defender\MpEvMsg.dll","11cd958a-c507-4ef3-b3f2-5fd9dfbd2c78","Error, Warning, Information","0"
"Windows Disk Diagnostic","System","dfdts.dll","","","00000000-0000-0000-0000-000000000000","Error, Warning, Information","0"
"Windows Script Host","System","wshext.dll","","","00000000-0000-0000-0000-000000000000","Success Audit, Failure Audit","0"
"WinHttpAutoProxySvc","System","winhttp.dll","","","7d44233d-3055-4b9c-ba64-0d47ca40a232","Error, Warning, Information","0"
"WinRM","System","","","","a7975c8f-ac13-49f1-87da-5a984a4ab417","","0"
"WMIxWDM","System","iologmsg.dll","","","00000000-0000-0000-0000-000000000000","Error, Warning, Information","0"
"WMPNetworkSvc","System","","","","6a2dc7c1-930a-4fb5-bb44-80b30aebed6c","","0"
"Workstation","System","netmsg.dll","","","00000000-0000-0000-0000-000000000000","Error, Warning, Information","0"
"WPC","System","wpcsvc.dll","","","00000000-0000-0000-0000-000000000000","Error, Warning, Information","0"
"WPDClassInstaller","System","","","","ad5162d8-daf0-4a25-88a7-01cbeb33902e","","0"
"ThinPrint AutoConnect","ThinPrint Diagnostics","tpsvc.dll","","","00000000-0000-0000-0000-000000000000","Error, Warning, Information","0"
"PowerShell","Windows PowerShell","pwrshmsg.dll","C:\Windows\system32\WindowsPowerShell\v1.0\pwrshmsg.dll","","00000000-0000-0000-0000-000000000000","","8"
